{
  "gender": {
    "mean": 0.4623842933789281,
    "std": 0.4985855005429741
  },
  "admission_type_id": {
    "mean": 2.024006053102215,
    "std": 1.4454028297561203
  },
  "discharge_disposition_id": {
    "mean": 3.7156417664052825,
    "std": 5.280165509299271
  },
  "admission_source_id": {
    "mean": 5.754436648782501,
    "std": 4.064080834283899
  },
  "time_in_hospital": {
    "mean": 4.395986871843248,
    "std": 2.985107767471267
  },
  "num_lab_procedures": {
    "mean": 43.09564098028811,
    "std": 19.674362249142124
  },
  "num_procedures": {
    "mean": 1.339730361810428,
    "std": 1.7058069791211592
  },
  "num_medications": {
    "mean": 16.021844230882614,
    "std": 8.127566209167284
  },
  "number_outpatient": {
    "mean": 0.36935715268360747,
    "std": 1.267265096532678
  },
  "number_emergency": {
    "mean": 0.19783621248747127,
    "std": 0.9304722684224636
  },
  "number_inpatient": {
    "mean": 0.635565906098304,
    "std": 1.2628632900973233
  },
  "number_diagnoses": {
    "mean": 7.422606764538254,
    "std": 1.9336001449974285
  },
  "age_num": {
    "mean": 65.96702238468644,
    "std": 15.940837693292881
  }
}